date,habit_name,user_name
2026-02-13,Code 1 hr,Shibi
2026-02-13,reading,Shibi
2026-02-14,Drink Water,
2026-02-14,Code 1 hr,
2026-02-14,Code 1 hr,
2026-02-14,sdd,
2026-02-14,journal,
2026-02-14,Assistant Test Habit,
2026-02-14,Code 1 hr,
2026-02-14,Drink Water,Shibi
2026-02-14,Drink Water,Shibi
2026-02-14,Code 1 hr,Shibi
2026-02-14,Drink Water,Shibi
2026-02-14,book,Shibi
2026-02-14,Code 1 hr,Shibi
2026-02-14,Code 1 hr,Shibi
2026-02-14,Code 1 hr,Shibi
2026-02-14,Code 1 hr,Shibi
2026-02-14,Drink Water,Shibi
2026-02-14,Drink Water,mubashira
2026-02-14,journal,mubashira
2026-02-14,Assistant Test Habit,mubashira
2026-02-14,Drink Water,mubashira
2026-02-14,Drink Water,mubashira
